account,avgPx,clOrdID,clOrdLinkID,commission,contingencyType,cumQty,currency,displayQty,exDestination,execComm,execCost,execID,execInst,execType,foreignNotional,homeNotional,lastLiquidityInd,lastMkt,lastPx,lastQty,leavesQty,multiLegReportingType,ordRejReason,ordStatus,ordType,orderID,orderQty,pegOffsetValue,pegPriceType,price,settlCurrency,side,simpleCumQty,simpleLeavesQty,simpleOrderQty,stopPx,symbol,text,timeInForce,timestamp,tradePublishIndicator,transactTime,trdMatchID,triggered,underlyingLastPx,workingIndicator
63908,7620.0,,,0.00075,,50,USD,,XBME,492,656150,914f2aba-6f84-516e-8ad2-3d387fab409f,,Trade,50,-0.0065615,RemovedLiquidity,XBME,7620.0,50,13072,SingleSecurity,,PartiallyFilled,Market,bf5aac0f-e7da-cd9c-1cab-eca8df5c3f61,13122,,,7617.5,XBt,Sell,0.0065615,1.7161,,,XBTUSD,Submitted via API.,ImmediateOrCancel,2018-06-07T20:47:32.428Z,PublishTrade,2018-06-07T20:47:32.428Z,6d0b24e8-7767-3ee9-53e2-610d5a885c90,,,True
63908,7619.6282,,,0.00075,,312,USD,,XBME,2579,3438750,2e9d41a3-1ae8-2c86-4bcf-23242f890bce,,Trade,262,-0.0343875,RemovedLiquidity,XBME,7619.0,262,12810,SingleSecurity,,PartiallyFilled,Market,bf5aac0f-e7da-cd9c-1cab-eca8df5c3f61,13122,,,7617.5,XBt,Sell,0.040949,1.6817,,,XBTUSD,Submitted via API.,ImmediateOrCancel,2018-06-07T20:47:32.428Z,PublishTrade,2018-06-07T20:47:32.428Z,497648fd-4312-f6b3-6d27-c6be1425ba04,,,True
63908,7619.0476,,,0.00075,,512,USD,,XBME,1968,2625200,35c6e75d-1871-4dad-f01d-8d99101a97ac,,Trade,200,-0.026252,RemovedLiquidity,XBME,7618.5,200,12610,SingleSecurity,,PartiallyFilled,Market,bf5aac0f-e7da-cd9c-1cab-eca8df5c3f61,13122,,,7617.5,XBt,Sell,0.067201,1.6554,,,XBTUSD,Submitted via API.,ImmediateOrCancel,2018-06-07T20:47:32.428Z,PublishTrade,2018-06-07T20:47:32.428Z,1419e8fb-6f58-d2d4-9303-3bf83a684078,,,True
63908,7618.4672,,,0.00075,,2512,USD,,XBME,19690,26254000,0fe4591f-3082-35ed-a30d-6b2cb2f8b2ed,,Trade,2000,-0.26254,RemovedLiquidity,XBME,7618.0,2000,10610,SingleSecurity,,PartiallyFilled,Market,bf5aac0f-e7da-cd9c-1cab-eca8df5c3f61,13122,,,7617.5,XBt,Sell,0.329741,1.3929,,,XBTUSD,Submitted via API.,ImmediateOrCancel,2018-06-07T20:47:32.428Z,PublishTrade,2018-06-07T20:47:32.428Z,1b6f47de-1037-f45e-84b3-77af5f405f1d,,,True
63908,7617.8868,,,0.00075,,13122,USD,,XBME,104466,139288080,8ed1f3e2-6987-b91f-5e40-e79291f6a442,,Trade,10610,-1.3928808,RemovedLiquidity,XBME,7617.5,10610,0,SingleSecurity,,Filled,Market,bf5aac0f-e7da-cd9c-1cab-eca8df5c3f61,13122,,,7617.5,XBt,Sell,1.7226218,0.0,,,XBTUSD,Submitted via API.,ImmediateOrCancel,2018-06-07T20:47:32.428Z,PublishTrade,2018-06-07T20:47:32.428Z,fe48f2de-0e55-d3a1-6c7c-4e8d1c814730,,,False
63908,7636.5,,,0.00075,,993,USD,,XBME,9752,-13003335,c39b90bb-9902-6768-98d0-0d2c36c03a9c,Close,Trade,-993,0.13003335,RemovedLiquidity,XBME,7636.5,993,12129,SingleSecurity,,PartiallyFilled,Market,bc25354c-cd6c-ed86-6d18-32d2f28d9ea2,13122,,,7643.0,XBt,Buy,0.13036104,1.5923,,,XBTUSD,Submitted via API.,ImmediateOrCancel,2018-06-07T21:00:12.099Z,PublishTrade,2018-06-07T21:00:12.099Z,7502acf6-6a06-2c66-cdfd-3233d25f2559,,,True
63908,7637.0857,,,0.00075,,1993,USD,,XBME,9820,-13094000,f2fabe78-3bcf-048c-5c29-c0f1ab4dbb76,Close,Trade,-1000,0.13094,RemovedLiquidity,XBME,7637.0,1000,11129,SingleSecurity,,PartiallyFilled,Market,bc25354c-cd6c-ed86-6d18-32d2f28d9ea2,13122,,,7643.0,XBt,Buy,0.26164104,1.461,,,XBTUSD,Submitted via API.,ImmediateOrCancel,2018-06-07T21:00:12.099Z,PublishTrade,2018-06-07T21:00:12.099Z,55a30e7d-e162-075d-2c99-6a5ee800f48d,,,True
63908,7637.669,,,0.00075,,2993,USD,,XBME,9819,-13092000,2c5b6b1c-e8bf-e212-8a81-baeed56bf094,Close,Trade,-1000,0.13092,RemovedLiquidity,XBME,7638.0,1000,10129,SingleSecurity,,PartiallyFilled,Market,bc25354c-cd6c-ed86-6d18-32d2f28d9ea2,13122,,,7643.0,XBt,Buy,0.39292104,1.3297,,,XBTUSD,Submitted via API.,ImmediateOrCancel,2018-06-07T21:00:12.099Z,PublishTrade,2018-06-07T21:00:12.099Z,92e256ae-dfb9-5931-ea4d-d9af2d88d74b,,,True
63908,7637.669,,,0.00075,,3993,USD,,XBME,9819,-13092000,035f3939-8f8e-40df-c8c0-87b1a7154e3e,Close,Trade,-1000,0.13092,RemovedLiquidity,XBME,7638.5,1000,9129,SingleSecurity,,PartiallyFilled,Market,bc25354c-cd6c-ed86-6d18-32d2f28d9ea2,13122,,,7643.0,XBt,Buy,0.52420104,1.1985,,,XBTUSD,Submitted via API.,ImmediateOrCancel,2018-06-07T21:00:12.099Z,PublishTrade,2018-06-07T21:00:12.099Z,76f1616e-46de-9100-31dc-bd095c72d74e,,,True
63908,7638.2524,,,0.00075,,4993,USD,,XBME,9817,-13090000,8ee08e95-6a04-70c5-cd9a-4d4f466ff545,Close,Trade,-1000,0.1309,RemovedLiquidity,XBME,7639.5,1000,8129,SingleSecurity,,PartiallyFilled,Market,bc25354c-cd6c-ed86-6d18-32d2f28d9ea2,13122,,,7643.0,XBt,Buy,0.65548104,1.0672,,,XBTUSD,Submitted via API.,ImmediateOrCancel,2018-06-07T21:00:12.099Z,PublishTrade,2018-06-07T21:00:12.099Z,3a21ad4b-895d-6e86-f0b9-ce2db0d453f5,,,True
63908,7638.8358,,,0.00075,,5993,USD,,XBME,9816,-13089000,f7d20f4c-1f80-a2af-a1bd-5954806b940b,Close,Trade,-1000,0.13089,RemovedLiquidity,XBME,7640.0,1000,7129,SingleSecurity,,PartiallyFilled,Market,bc25354c-cd6c-ed86-6d18-32d2f28d9ea2,13122,,,7643.0,XBt,Buy,0.78676104,0.9359,,,XBTUSD,Submitted via API.,ImmediateOrCancel,2018-06-07T21:00:12.099Z,PublishTrade,2018-06-07T21:00:12.099Z,11cae168-ba05-ac1e-a0dd-b68f9203f362,,,True
63908,7638.8358,,,0.00075,,6993,USD,,XBME,9815,-13087000,932423b9-b8de-7cf7-8bf3-4baa9b5a5e94,Close,Trade,-1000,0.13087,RemovedLiquidity,XBME,7641.0,1000,6129,SingleSecurity,,PartiallyFilled,Market,bc25354c-cd6c-ed86-6d18-32d2f28d9ea2,13122,,,7643.0,XBt,Buy,0.9180410400000001,0.8046,,,XBTUSD,Submitted via API.,ImmediateOrCancel,2018-06-07T21:00:12.099Z,PublishTrade,2018-06-07T21:00:12.099Z,7f46bc96-abc2-edca-ccaa-3ce0375d142b,,,True
63908,7639.4194,,,0.00075,,7993,USD,,XBME,9814,-13086000,9fcf2ef6-e785-0fd9-363b-0502a7697f1e,Close,Trade,-1000,0.13086,RemovedLiquidity,XBME,7641.5,1000,5129,SingleSecurity,,PartiallyFilled,Market,bc25354c-cd6c-ed86-6d18-32d2f28d9ea2,13122,,,7643.0,XBt,Buy,1.0493210400000001,0.6733,,,XBTUSD,Submitted via API.,ImmediateOrCancel,2018-06-07T21:00:12.099Z,PublishTrade,2018-06-07T21:00:12.099Z,195ab269-6a17-4f92-df65-06ae1ed6fe12,,,True
63908,7640.0031,,,0.00075,,11561,USD,,XBME,35018,-46690848,ba4a6ffc-206e-0221-863e-38381f4c97a1,Close,Trade,-3568,0.46690848,RemovedLiquidity,XBME,7642.0,3568,1561,SingleSecurity,,PartiallyFilled,Market,bc25354c-cd6c-ed86-6d18-32d2f28d9ea2,13122,,,7643.0,XBt,Buy,1.5177280800000001,0.2049,,,XBTUSD,Submitted via API.,ImmediateOrCancel,2018-06-07T21:00:12.099Z,PublishTrade,2018-06-07T21:00:12.099Z,5a39590c-efc2-382b-7054-ef408a38682a,,,True
63908,7640.5868,,,0.00075,,12561,USD,,XBME,9813,-13085000,66836433-af03-39a5-c724-5ef133e9c13c,Close,Trade,-1000,0.13085,RemovedLiquidity,XBME,7642.5,1000,561,SingleSecurity,,PartiallyFilled,Market,bc25354c-cd6c-ed86-6d18-32d2f28d9ea2,13122,,,7643.0,XBt,Buy,1.6490080800000002,0.0736,,,XBTUSD,Submitted via API.,ImmediateOrCancel,2018-06-07T21:00:12.099Z,PublishTrade,2018-06-07T21:00:12.099Z,517e4909-d7ae-ddf6-e18f-e19555ac8a94,,,True
63908,7640.5868,,,0.00075,,13122,USD,,XBME,5505,-7340124,efed2e98-87f0-9385-8955-23cfe072b4f0,Close,Trade,-561,0.07340124,RemovedLiquidity,XBME,7643.0,561,0,SingleSecurity,,Filled,Market,bc25354c-cd6c-ed86-6d18-32d2f28d9ea2,13122,,,7643.0,XBt,Buy,1.72265616,0.0,,,XBTUSD,Submitted via API.,ImmediateOrCancel,2018-06-07T21:00:12.099Z,PublishTrade,2018-06-07T21:00:12.099Z,144026e1-95ad-600c-290e-62927dd22d31,,,False
63908,7635.5,,,0.00075,,384,USD,,XBME,3771,5029248,1d85c31a-32a0-e7e2-2fe0-d70faf142eef,,Trade,384,-0.05029248,RemovedLiquidity,XBME,7635.5,384,12553,SingleSecurity,,PartiallyFilled,Market,453e94f3-876f-335c-4ad5-520ac101a58f,12937,,,7632.5,XBt,Sell,0.05029248,1.6447,,,XBTUSD,Submitted via API.,ImmediateOrCancel,2018-06-07T21:00:20.959Z,PublishTrade,2018-06-07T21:00:20.959Z,fe6c0063-4a86-31d3-0f51-f1669293fb3f,,,True
63908,7635.3363,,,0.00075,,1384,USD,,XBME,9823,13098000,ef385720-6a38-ef82-c3ac-45366e5e295c,,Trade,1000,-0.13098,RemovedLiquidity,XBME,7634.5,1000,11553,SingleSecurity,,PartiallyFilled,Market,453e94f3-876f-335c-4ad5-520ac101a58f,12937,,,7632.5,XBt,Sell,0.18127248,1.5137,,,XBTUSD,Submitted via API.,ImmediateOrCancel,2018-06-07T21:00:20.959Z,PublishTrade,2018-06-07T21:00:20.959Z,e31f05a8-7831-24de-424e-8bbb368e5299,,,True
63908,7634.7534,,,0.00075,,1884,USD,,XBME,4912,6549500,8f16b426-0e44-7c39-921e-b169518c060a,,Trade,500,-0.065495,RemovedLiquidity,XBME,7634.0,500,11053,SingleSecurity,,PartiallyFilled,Market,453e94f3-876f-335c-4ad5-520ac101a58f,12937,,,7632.5,XBt,Sell,0.24676748,1.4482,,,XBTUSD,Submitted via API.,ImmediateOrCancel,2018-06-07T21:00:20.959Z,PublishTrade,2018-06-07T21:00:20.959Z,5e4a6d6c-6f18-321f-1d11-ac28c64d2580,,,True
63908,7634.7534,,,0.00075,,2884,USD,,XBME,9825,13100000,b592a209-1997-ad48-1b36-6424f0730356,,Trade,1000,-0.131,RemovedLiquidity,XBME,7633.5,1000,10053,SingleSecurity,,PartiallyFilled,Market,453e94f3-876f-335c-4ad5-520ac101a58f,12937,,,7632.5,XBt,Sell,0.37776748000000004,1.3171,,,XBTUSD,Submitted via API.,ImmediateOrCancel,2018-06-07T21:00:20.959Z,PublishTrade,2018-06-07T21:00:20.959Z,93761e76-4c55-979a-5190-909abd5644bc,,,True
63908,7634.7534,,,0.00075,,2938,USD,,XBME,530,707454,b9dac288-ec04-b8c6-d34d-9d4e4a057efe,,Trade,54,-0.00707454,RemovedLiquidity,XBME,7633.0,54,9999,SingleSecurity,,PartiallyFilled,Market,453e94f3-876f-335c-4ad5-520ac101a58f,12937,,,7632.5,XBt,Sell,0.38484202000000006,1.3101,,,XBTUSD,Submitted via API.,ImmediateOrCancel,2018-06-07T21:00:20.959Z,PublishTrade,2018-06-07T21:00:20.959Z,b3f014cf-c241-6799-bcda-0f50cfd4b09c,,,True
63908,7634.1705,,,0.00075,,3938,USD,,XBME,9825,13101000,de25018b-dbab-a7e7-d6a0-e84113f6d50a,,Trade,1000,-0.13101,RemovedLiquidity,XBME,7633.0,1000,8999,SingleSecurity,,PartiallyFilled,Market,453e94f3-876f-335c-4ad5-520ac101a58f,12937,,,7632.5,XBt,Sell,0.5158520200000001,1.179,,,XBTUSD,Submitted via API.,ImmediateOrCancel,2018-06-07T21:00:20.959Z,PublishTrade,2018-06-07T21:00:20.959Z,c3565971-63a9-e4e5-c418-74cac68342cb,,,True
63908,7634.1705,,,0.00075,,6138,USD,,XBME,21616,28822200,0a07af01-b503-e927-7fa8-846fb462a713,,Trade,2200,-0.288222,RemovedLiquidity,XBME,7633.0,2200,6799,SingleSecurity,,PartiallyFilled,Market,453e94f3-876f-335c-4ad5-520ac101a58f,12937,,,7632.5,XBt,Sell,0.8040740200000001,0.8908,,,XBTUSD,Submitted via API.,ImmediateOrCancel,2018-06-07T21:00:20.959Z,PublishTrade,2018-06-07T21:00:20.959Z,ad5846f0-4128-5e5f-ab72-18857ea2a44c,,,True
63908,7633.5878,,,0.00075,,7138,USD,,XBME,9825,13101000,a2664d2f-0ba3-24ca-a011-7243c86ec93b,,Trade,1000,-0.13101,RemovedLiquidity,XBME,7633.0,1000,5799,SingleSecurity,,PartiallyFilled,Market,453e94f3-876f-335c-4ad5-520ac101a58f,12937,,,7632.5,XBt,Sell,0.93508402,0.7598,,,XBTUSD,Submitted via API.,ImmediateOrCancel,2018-06-07T21:00:20.959Z,PublishTrade,2018-06-07T21:00:20.959Z,de5a58fa-0146-5359-453f-43e0cab6dedd,,,True
63908,7633.5878,,,0.00075,,12937,USD,,XBME,56983,75978498,3ca48b4d-88e2-bf48-9b27-1572a800a6c3,,Trade,5799,-0.75978498,RemovedLiquidity,XBME,7632.5,5799,0,SingleSecurity,,Filled,Market,453e94f3-876f-335c-4ad5-520ac101a58f,12937,,,7632.5,XBt,Sell,1.6948690000000002,0.0,,,XBTUSD,Submitted via API.,ImmediateOrCancel,2018-06-07T21:00:20.959Z,PublishTrade,2018-06-07T21:00:20.959Z,806c8f5e-341a-cfb5-0d86-3e374279fdee,,,False
63908,7643.09,,,0.000662,,12937,USD,,XBME,112055,169267708,9b51063f-7519-d6bb-fa08-538e1e31007a,,Funding,12937,-1.69267708,,XBME,7643.09,12937,0,SingleSecurity,,Filled,Limit,00000000-0000-0000-0000-000000000000,12937,,,7643.09,XBt,,1.6949,0.0,,,XBTUSD,Funding,AtTheClose,2018-06-08T04:00:00.084Z,,2018-06-08T04:00:00.000Z,19b52fea-b871-5898-3d0b-32804c50720a,,,False
63908,7644.0,,,0.00075,,3350,USD,,XBME,32868,-43824700,f8b79dba-0e86-8459-e7ea-696001b790cd,,Trade,-3350,0.438247,RemovedLiquidity,XBME,7644.0,3350,8525,SingleSecurity,,PartiallyFilled,Market,63a8ab72-e5c2-8bb1-cfb3-b242370029df,11875,,,7644.0,XBt,Buy,0.4388835,1.1169,,,XBTUSD,Submitted via API.,ImmediateOrCancel,2018-06-08T08:00:18.144Z,PublishTrade,2018-06-08T08:00:18.144Z,5dbb7d44-4f0f-c2e5-2696-34831454ef91,,,True
63908,7644.0,,,0.00075,,3400,USD,,XBME,490,-654100,12b392bb-d41d-913e-6f7b-48a3e1f4d39b,,Trade,-50,0.006541,RemovedLiquidity,XBME,7644.0,50,8475,SingleSecurity,,PartiallyFilled,Market,63a8ab72-e5c2-8bb1-cfb3-b242370029df,11875,,,7644.0,XBt,Buy,0.445434,1.1103,,,XBTUSD,Submitted via API.,ImmediateOrCancel,2018-06-08T08:00:18.144Z,PublishTrade,2018-06-08T08:00:18.144Z,7de70a95-279c-6c13-c4b5-5f0b2390ec24,,,True
63908,7644.0,,,0.00075,,4400,USD,,XBME,9811,-13082000,cfaa9b34-be10-79d0-4a5e-4dafb9b72eac,,Trade,-1000,0.13082,RemovedLiquidity,XBME,7644.0,1000,7475,SingleSecurity,,PartiallyFilled,Market,63a8ab72-e5c2-8bb1-cfb3-b242370029df,11875,,,7644.0,XBt,Buy,0.576444,0.9793,,,XBTUSD,Submitted via API.,ImmediateOrCancel,2018-06-08T08:00:18.144Z,PublishTrade,2018-06-08T08:00:18.144Z,dcce36eb-56f4-f9ed-b017-cf2f1cca2592,,,True
63908,7644.0,,,0.00075,,4450,USD,,XBME,490,-654100,a0c0a841-9c1b-757c-a87d-0601153cab11,,Trade,-50,0.006541,RemovedLiquidity,XBME,7644.0,50,7425,SingleSecurity,,PartiallyFilled,Market,63a8ab72-e5c2-8bb1-cfb3-b242370029df,11875,,,7644.0,XBt,Buy,0.5829945,0.9727,,,XBTUSD,Submitted via API.,ImmediateOrCancel,2018-06-08T08:00:18.144Z,PublishTrade,2018-06-08T08:00:18.144Z,41d725dc-d241-9d6d-bf38-94c1c40789e3,,,True
63908,7644.0,,,0.00075,,11875,USD,,XBME,72850,-97133850,41583d33-d37b-11cf-2d7c-e09a123eaefa,,Trade,-7425,0.9713385,RemovedLiquidity,XBME,7644.0,7425,0,SingleSecurity,,Filled,Market,63a8ab72-e5c2-8bb1-cfb3-b242370029df,11875,,,7644.0,XBt,Buy,1.55574375,0.0,,,XBTUSD,Submitted via API.,ImmediateOrCancel,2018-06-08T08:00:18.144Z,PublishTrade,2018-06-08T08:00:18.144Z,d61463d0-0209-f5a8-5962-0a92491469e5,,,False
63908,7564.83,,,-0.00057,,1062,USD,,XBME,-8002,14038578,a50ed887-fef6-0d51-65a7-f6da66319e5c,,Funding,1062,-0.14038578,,XBME,7564.83,1062,0,SingleSecurity,,Filled,Limit,00000000-0000-0000-0000-000000000000,1062,,,7564.83,XBt,,0.1391,0.0,,,XBTUSD,Funding,AtTheClose,2018-06-08T12:00:00.138Z,,2018-06-08T12:00:00.000Z,db28a325-80da-1782-3853-aa60838d1c8f,,,False
63908,7595.0,,,-0.00025,,1062,USD,,XBME,-3495,-13983354,8af02fca-b4fd-d78b-50c2-3cbdaede7eac,Close,Trade,-1062,0.13983354,AddedLiquidity,XBME,7594.5,1062,0,SingleSecurity,,Filled,Limit,4cbdee82-742b-26de-3e80-71c74f13a9da,1062,,,7594.5,XBt,Buy,0.13913262,0.0,,,XBTUSD,"Amended orderQty: Order had execInst of Close or ReduceOnly but open buy orders exceed current position of -12937
Position Close from testnet.bitmex.com",GoodTillCancel,2018-06-08T13:13:00.989Z,PublishTrade,2018-06-08T13:13:00.989Z,7f0c6623-24cd-65f3-aef6-64b8b7e2506a,,,False
63908,7621.0,,,0.00075,,1970,USD,,XBME,19387,-25850340,950f1c35-9ed5-6494-a7f9-f93adbe8d693,,Trade,-1970,0.2585034,RemovedLiquidity,XBME,7621.0,1970,10805,SingleSecurity,,PartiallyFilled,Market,0efbdd3b-2862-60e5-74e1-2436354728f6,12775,,,7621.5,XBt,Buy,0.2585034,1.4177,,,XBTUSD,Submitted via API.,ImmediateOrCancel,2018-06-08T14:00:22.453Z,PublishTrade,2018-06-08T14:00:22.453Z,eeafdcb1-7b15-6fbe-c288-dbef86ce3ffc,,,True
63908,7621.0,,,0.00075,,2070,USD,,XBME,984,-1312200,76001759-aa6e-92d9-4011-238f650216e0,,Trade,-100,0.013122,RemovedLiquidity,XBME,7621.0,100,10705,SingleSecurity,,PartiallyFilled,Market,0efbdd3b-2862-60e5-74e1-2436354728f6,12775,,,7621.5,XBt,Buy,0.2716254,1.4046,,,XBTUSD,Submitted via API.,ImmediateOrCancel,2018-06-08T14:00:22.453Z,PublishTrade,2018-06-08T14:00:22.453Z,6f53246d-69a5-0f92-ba7d-b8958e53dc3a,,,True
63908,7621.0,,,0.00075,,6273,USD,,XBME,41363,-55151766,a451ddec-7e73-3dfa-cca1-a27878779b27,,Trade,-4203,0.55151766,RemovedLiquidity,XBME,7621.0,4203,6502,SingleSecurity,,PartiallyFilled,Market,0efbdd3b-2862-60e5-74e1-2436354728f6,12775,,,7621.5,XBt,Buy,0.82314306,0.8531,,,XBTUSD,Submitted via API.,ImmediateOrCancel,2018-06-08T14:00:22.453Z,PublishTrade,2018-06-08T14:00:22.453Z,e812b138-736f-cdf1-214b-0f9dec9e8d63,,,True
63908,7621.0,,,0.00075,,7273,USD,,XBME,9841,-13122000,31724424-b847-816f-ddd8-5e60c24674a5,,Trade,-1000,0.13122,RemovedLiquidity,XBME,7621.0,1000,5502,SingleSecurity,,PartiallyFilled,Market,0efbdd3b-2862-60e5-74e1-2436354728f6,12775,,,7621.5,XBt,Buy,0.95436306,0.7219,,,XBTUSD,Submitted via API.,ImmediateOrCancel,2018-06-08T14:00:22.453Z,PublishTrade,2018-06-08T14:00:22.453Z,62466e7d-46f6-468a-342d-775de49bcf93,,,True
63908,7621.3703,,,0.00075,,9773,USD,,XBME,24601,-32802500,5f07d330-8788-f317-3696-369e5fdaa851,,Trade,-2500,0.328025,RemovedLiquidity,XBME,7621.5,2500,3002,SingleSecurity,,PartiallyFilled,Market,0efbdd3b-2862-60e5-74e1-2436354728f6,12775,,,7621.5,XBt,Buy,1.2823880600000002,0.3939,,,XBTUSD,Submitted via API.,ImmediateOrCancel,2018-06-08T14:00:22.453Z,PublishTrade,2018-06-08T14:00:22.453Z,aa1ba044-f14b-0179-e9a8-1f58ab93f9d8,,,True
63908,7621.3703,,,0.00075,,10273,USD,,XBME,4920,-6560500,c95bc781-16e5-4b9c-15b4-f8937b43e288,,Trade,-500,0.065605,RemovedLiquidity,XBME,7621.5,500,2502,SingleSecurity,,PartiallyFilled,Market,0efbdd3b-2862-60e5-74e1-2436354728f6,12775,,,7621.5,XBt,Buy,1.34799306,0.3283,,,XBTUSD,Submitted via API.,ImmediateOrCancel,2018-06-08T14:00:22.453Z,PublishTrade,2018-06-08T14:00:22.453Z,d415d63f-cff2-2b09-ae80-a616100d42af,,,True
63908,7621.3703,,,0.00075,,12273,USD,,XBME,19681,-26242000,f355f9a4-095c-4713-6b50-2f35b77c274b,,Trade,-2000,0.26242,RemovedLiquidity,XBME,7621.5,2000,502,SingleSecurity,,PartiallyFilled,Market,0efbdd3b-2862-60e5-74e1-2436354728f6,12775,,,7621.5,XBt,Buy,1.61041306,0.0659,,,XBTUSD,Submitted via API.,ImmediateOrCancel,2018-06-08T14:00:22.453Z,PublishTrade,2018-06-08T14:00:22.453Z,5898d80e-16af-75f9-b7e4-5c2946b37443,,,True
63908,7621.3703,,,0.00075,,12775,USD,,XBME,4940,-6586742,7f5197e4-d937-c1e4-32e0-1be4f6ca1d40,,Trade,-502,0.06586742,RemovedLiquidity,XBME,7621.5,502,0,SingleSecurity,,Filled,Market,0efbdd3b-2862-60e5-74e1-2436354728f6,12775,,,7621.5,XBt,Buy,1.67628048,0.0,,,XBTUSD,Submitted via API.,ImmediateOrCancel,2018-06-08T14:00:22.453Z,PublishTrade,2018-06-08T14:00:22.453Z,b168e901-8d4e-9efe-d136-e14fe35ceae2,,,False
63908,7632.0,,,0.00075,,10684,USD,,XBME,104994,-139992452,909e1305-aaf7-1df3-ac0c-c109c6414d19,,Trade,-10684,1.39992452,RemovedLiquidity,XBME,7632.0,10684,0,SingleSecurity,,Filled,Market,74361ff8-06d6-2e5f-d494-d57508b50e5a,10684,,,7632.0,XBt,Buy,1.39992452,0.0,,,XBTUSD,Submitted via API.,ImmediateOrCancel,2018-06-08T14:39:21.598Z,PublishTrade,2018-06-08T14:39:21.598Z,39ada90b-5af5-2806-b377-fc0c539dd516,,,False
63908,7632.0,,,0.00075,,10684,USD,,XBME,104994,-139992452,c63661bc-e743-e30c-3b71-5f6316973c39,,Trade,-10684,1.39992452,RemovedLiquidity,XBME,7632.0,10684,0,SingleSecurity,,Filled,Market,c15830fe-6cb4-1a77-2002-0d098e9b8549,10684,,,7632.0,XBt,Buy,1.39992452,0.0,,,XBTUSD,Submitted via API.,ImmediateOrCancel,2018-06-08T14:39:21.606Z,PublishTrade,2018-06-08T14:39:21.606Z,7e5cf7c2-d18c-ee1f-b740-9966dd69c436,,,False
63908,7660.5,,,0.00075,,52,USD,,XBME,509,678808,10527c6a-fc41-8d83-4a9d-e6803f758b88,Close,Trade,52,-0.00678808,RemovedLiquidity,XBME,7660.5,52,34091,SingleSecurity,,PartiallyFilled,Limit,3331965d-688b-29d4-030e-9b493a5941d8,34143,,,7646.0,XBt,Sell,0.00681668,4.469,,,XBTUSD,Position Close from testnet.bitmex.com,GoodTillCancel,2018-06-08T18:27:45.364Z,PublishTrade,2018-06-08T18:27:45.364Z,b97621da-36bc-051d-7bb5-1932218ca0ac,,,True
63908,7660.5,,,0.00075,,62,USD,,XBME,97,130540,f791daf1-1d33-8e1f-270f-ac593a745999,Close,Trade,10,-0.0013054,RemovedLiquidity,XBME,7660.5,10,34081,SingleSecurity,,PartiallyFilled,Limit,3331965d-688b-29d4-030e-9b493a5941d8,34143,,,7646.0,XBt,Sell,0.00812758,4.4677,,,XBTUSD,Position Close from testnet.bitmex.com,GoodTillCancel,2018-06-08T18:27:45.364Z,PublishTrade,2018-06-08T18:27:45.364Z,2802e2e9-fdc2-126f-a71d-5132be23e171,,,True
63908,7660.5,,,0.00075,,8775,USD,,XBME,85304,113739502,5a0a4ee8-fcfa-c5a2-9759-d8151f8e6ad1,Close,Trade,8713,-1.13739502,RemovedLiquidity,XBME,7660.5,8713,25368,SingleSecurity,,PartiallyFilled,Limit,3331965d-688b-29d4-030e-9b493a5941d8,34143,,,7646.0,XBt,Sell,1.15031475,3.3255,,,XBTUSD,Position Close from testnet.bitmex.com,GoodTillCancel,2018-06-08T18:27:45.364Z,PublishTrade,2018-06-08T18:27:45.364Z,8527ab61-61c1-607f-2aff-78753c6e12f6,,,True
63908,7660.5,,,0.00075,,9221,USD,,XBME,4366,5822084,f61f9d60-2c42-f77e-87be-cf395c86866d,Close,Trade,446,-0.05822084,RemovedLiquidity,XBME,7660.5,446,24922,SingleSecurity,,PartiallyFilled,Limit,3331965d-688b-29d4-030e-9b493a5941d8,34143,,,7646.0,XBt,Sell,1.2087808899999999,3.267,,,XBTUSD,Position Close from testnet.bitmex.com,GoodTillCancel,2018-06-08T18:27:45.364Z,PublishTrade,2018-06-08T18:27:45.364Z,d520a54f-d79e-7c05-3476-ca2ce053f201,,,True
63908,7660.5,,,0.00075,,9322,USD,,XBME,988,1318454,5d65b8c3-d434-b916-1796-49d0b23fc28a,Close,Trade,101,-0.01318454,RemovedLiquidity,XBME,7660.5,101,24821,SingleSecurity,,PartiallyFilled,Limit,3331965d-688b-29d4-030e-9b493a5941d8,34143,,,7646.0,XBt,Sell,1.22202098,3.2538,,,XBTUSD,Position Close from testnet.bitmex.com,GoodTillCancel,2018-06-08T18:27:45.364Z,PublishTrade,2018-06-08T18:27:45.364Z,77968605-39a6-0fa5-23b1-4426971a004f,,,True
63908,7660.5,,,0.00075,,17662,USD,,XBME,81652,108870360,46de546d-fea3-a88b-6cf0-9405cad67cd8,Close,Trade,8340,-1.0887036,RemovedLiquidity,XBME,7660.5,8340,16481,SingleSecurity,,PartiallyFilled,Limit,3331965d-688b-29d4-030e-9b493a5941d8,34143,,,7646.0,XBt,Sell,2.31531158,2.1605,,,XBTUSD,Position Close from testnet.bitmex.com,GoodTillCancel,2018-06-08T18:27:45.364Z,PublishTrade,2018-06-08T18:27:45.364Z,d7c9967c-7de4-16a6-7fcc-4dc571e0459a,,,True
63908,7660.4872,,,0.00075,,21445,USD,,XBME,37040,49387065,56acc81c-f59a-5da0-e599-61261fe03fa8,Close,Trade,3783,-0.49387065,RemovedLiquidity,XBME,7660.0,3783,12698,SingleSecurity,,PartiallyFilled,Limit,3331965d-688b-29d4-030e-9b493a5941d8,34143,,,7646.0,XBt,Sell,2.81122505,1.6646,,,XBTUSD,Position Close from testnet.bitmex.com,GoodTillCancel,2018-06-08T18:27:45.364Z,PublishTrade,2018-06-08T18:27:45.364Z,7a419985-c50f-c732-8cdd-fc0e14880102,,,True
63908,7660.4872,,,0.00075,,21945,USD,,XBME,4895,6527500,09ea0add-499c-f3c7-170d-5b2f1d8c1e0d,Close,Trade,500,-0.065275,RemovedLiquidity,XBME,7660.0,500,12198,SingleSecurity,,PartiallyFilled,Limit,3331965d-688b-29d4-030e-9b493a5941d8,34143,,,7646.0,XBt,Sell,2.87677005,1.599,,,XBTUSD,Position Close from testnet.bitmex.com,GoodTillCancel,2018-06-08T18:27:45.364Z,PublishTrade,2018-06-08T18:27:45.364Z,193bdd6a-3073-c625-3b2f-7e1a1304fdd2,,,True
63908,7660.4872,,,0.00075,,22245,USD,,XBME,2937,3916500,38a15f51-01d4-123a-97b2-491f6a53b305,Close,Trade,300,-0.039165,RemovedLiquidity,XBME,7660.0,300,11898,SingleSecurity,,PartiallyFilled,Limit,3331965d-688b-29d4-030e-9b493a5941d8,34143,,,7646.0,XBt,Sell,2.9160970500000003,1.5597,,,XBTUSD,Position Close from testnet.bitmex.com,GoodTillCancel,2018-06-08T18:27:45.364Z,PublishTrade,2018-06-08T18:27:45.364Z,e984b6e8-ee3f-aa49-e132-005adf7d8e13,,,True
63908,7660.4872,,,0.00075,,34143,USD,,XBME,116496,155328390,5cb8b7b3-abfe-ffbb-128a-f7f092575b2f,Close,Trade,11898,-1.5532839,RemovedLiquidity,XBME,7660.0,11898,0,SingleSecurity,,Filled,Limit,3331965d-688b-29d4-030e-9b493a5941d8,34143,,,7646.0,XBt,Sell,4.47580587,0.0,,,XBTUSD,Position Close from testnet.bitmex.com,GoodTillCancel,2018-06-08T18:27:45.364Z,PublishTrade,2018-06-08T18:27:45.364Z,a95d0318-629d-4394-5914-068d0add188b,,,False
63908,7671.0,,,0.00075,,100,USD,,XBME,977,-1303600,57a5b372-0ea3-e1e1-c9f5-fc7598f1c7a3,,Trade,-100,0.013036,RemovedLiquidity,XBME,7671.0,100,13097,SingleSecurity,,PartiallyFilled,LimitIfTouched,ba526056-96c3-fcc0-9839-151838c57a1d,13197,,,7671.0,XBt,Buy,0.013036,1.7073,,7747.0,XBTUSD,"Triggered: Order stop price reached
Submitted via API.",GoodTillCancel,2018-06-09T11:59:32.018Z,PublishTrade,2018-06-09T11:59:32.018Z,3fc4cdad-79cf-00bf-b621-0ab9dc85d8f0,StopOrderTriggered,,True
63908,7671.0,,,-0.00025,,2100,USD,,XBME,-6518,-26072000,5036f394-2f1e-fc37-9b57-620abacac781,,Trade,-2000,0.26072,RemovedLiquidity,XBME,7671.0,2000,11097,SingleSecurity,,PartiallyFilled,LimitIfTouched,ba526056-96c3-fcc0-9839-151838c57a1d,13197,,,7671.0,XBt,Buy,0.273756,1.4466,,7747.0,XBTUSD,"Triggered: Order stop price reached
Submitted via API.",GoodTillCancel,2018-06-09T11:59:32.018Z,PublishTrade,2018-06-09T11:59:32.018Z,0206f9b0-6491-fd2d-e6c8-9a90ced31b09,StopOrderTriggered,,True
63908,7671.0,,,0.00075,,4461,USD,,XBME,23083,-30777996,b7fa2f19-538e-29d5-cc70-058cd72e4bb6,,Trade,-2361,0.30777996,RemovedLiquidity,XBME,7671.0,2361,8736,SingleSecurity,,PartiallyFilled,LimitIfTouched,ba526056-96c3-fcc0-9839-151838c57a1d,13197,,,7671.0,XBt,Buy,0.5815359600000001,1.1388,,7747.0,XBTUSD,"Triggered: Order stop price reached
Submitted via API.",GoodTillCancel,2018-06-09T11:59:32.018Z,PublishTrade,2018-06-09T11:59:32.018Z,8dbba53d-3c64-d01d-43ee-165d77e2d79e,StopOrderTriggered,,True
63908,7637.61,,,0.003104,,4461,USD,,XBME,181298,-58407873,2c09258d-91e6-8bc8-d4b5-a1c093092903,,Funding,-4461,0.58407873,,XBME,7637.61,4461,0,SingleSecurity,,Filled,Limit,00000000-0000-0000-0000-000000000000,4461,,,7637.61,XBt,,0.5815,0.0,,,XBTUSD,Funding,AtTheClose,2018-06-09T12:00:00.142Z,,2018-06-09T12:00:00.000Z,9d70a373-1339-4548-de26-88b50de98c1d,,,False
63908,7671.0,,,-0.00025,,8496,USD,,XBME,-13150,-52600260,1bffc95d-451f-050d-a1e9-f55be610d58e,,Trade,-4035,0.5260026,AddedLiquidity,XBME,7671.0,4035,4701,SingleSecurity,,PartiallyFilled,LimitIfTouched,ba526056-96c3-fcc0-9839-151838c57a1d,13197,,,7671.0,XBt,Buy,1.10753856,0.6128,,7747.0,XBTUSD,"Triggered: Order stop price reached
Submitted via API.",GoodTillCancel,2018-06-09T12:02:42.843Z,PublishTrade,2018-06-09T12:02:42.843Z,0d50e8da-54ac-95c5-3ce8-9955142a369b,StopOrderTriggered,,True
63908,7671.0,,,-0.00025,,8935,USD,,XBME,-1430,-5722804,77e778d7-69f6-ba34-62f6-d6b94d0e84b6,,Trade,-439,0.05722804,AddedLiquidity,XBME,7671.0,439,4262,SingleSecurity,,PartiallyFilled,LimitIfTouched,ba526056-96c3-fcc0-9839-151838c57a1d,13197,,,7671.0,XBt,Buy,1.1647666,0.5556,,7747.0,XBTUSD,"Triggered: Order stop price reached
Submitted via API.",GoodTillCancel,2018-06-09T12:02:49.743Z,PublishTrade,2018-06-09T12:02:49.743Z,6bc65382-be61-3b46-dfb5-b74788eaad81,StopOrderTriggered,,True
63908,7671.0,,,-0.00025,,13197,USD,,XBME,-13889,-55559432,bbe2446d-761f-4f51-2657-0a0784a8f8b0,,Trade,-4262,0.55559432,AddedLiquidity,XBME,7671.0,4262,0,SingleSecurity,,Filled,LimitIfTouched,ba526056-96c3-fcc0-9839-151838c57a1d,13197,,,7671.0,XBt,Buy,1.72036092,0.0,,7747.0,XBTUSD,"Triggered: Order stop price reached
Submitted via API.",GoodTillCancel,2018-06-09T12:04:39.479Z,PublishTrade,2018-06-09T12:04:39.479Z,af7b988c-73a5-d863-e847-e7c2f1151119,StopOrderTriggered,,False
63908,7644.5,,,0.00075,,25,USD,,XBME,245,327025,16666566-4f2e-ff06-ba2e-5a88d882dc90,Close,Trade,25,-0.00327025,RemovedLiquidity,XBME,7644.5,25,13172,SingleSecurity,,PartiallyFilled,Limit,6a28f424-b2de-429b-b94e-eae2fa6c8e09,13197,,,7633.0,XBt,Sell,0.003259,1.7171,,,XBTUSD,Position Close from testnet.bitmex.com,GoodTillCancel,2018-06-09T15:47:48.392Z,PublishTrade,2018-06-09T15:47:48.392Z,4add8a0a-0592-4029-573c-32f14bcdc624,,,True
63908,7644.5,,,0.00075,,125,USD,,XBME,981,1308100,0ed43399-385b-d4bf-be0b-5f446eb82de7,Close,Trade,100,-0.013081,RemovedLiquidity,XBME,7644.5,100,13072,SingleSecurity,,PartiallyFilled,Limit,6a28f424-b2de-429b-b94e-eae2fa6c8e09,13197,,,7633.0,XBt,Sell,0.016295,1.7041,,,XBTUSD,Position Close from testnet.bitmex.com,GoodTillCancel,2018-06-09T15:47:48.392Z,PublishTrade,2018-06-09T15:47:48.392Z,02ba45fd-02e5-0bc6-b64f-61f9c6eb8048,,,True
63908,7644.5,,,0.00075,,177,USD,,XBME,510,680212,e620ca92-cf37-023f-b913-a04a24cf2bbf,Close,Trade,52,-0.00680212,RemovedLiquidity,XBME,7644.5,52,13020,SingleSecurity,,PartiallyFilled,Limit,6a28f424-b2de-429b-b94e-eae2fa6c8e09,13197,,,7633.0,XBt,Sell,0.02307372,1.6973,,,XBTUSD,Position Close from testnet.bitmex.com,GoodTillCancel,2018-06-09T15:47:48.392Z,PublishTrade,2018-06-09T15:47:48.392Z,c4e72d49-0146-5b7c-f865-9a5abac0500f,,,True
63908,7644.5,,,0.00075,,277,USD,,XBME,981,1308100,9d66b5e4-432f-b2fd-1f33-05afab802928,Close,Trade,100,-0.013081,RemovedLiquidity,XBME,7644.5,100,12920,SingleSecurity,,PartiallyFilled,Limit,6a28f424-b2de-429b-b94e-eae2fa6c8e09,13197,,,7633.0,XBt,Sell,0.03610972,1.6843,,,XBTUSD,Position Close from testnet.bitmex.com,GoodTillCancel,2018-06-09T15:47:48.392Z,PublishTrade,2018-06-09T15:47:48.392Z,2132ec7a-3fe5-6f33-74eb-decd368b116d,,,True
63908,7644.5,,,0.00075,,377,USD,,XBME,981,1308100,748bbe2a-7d7b-44a1-5deb-007dfa1cf89f,Close,Trade,100,-0.013081,RemovedLiquidity,XBME,7644.5,100,12820,SingleSecurity,,PartiallyFilled,Limit,6a28f424-b2de-429b-b94e-eae2fa6c8e09,13197,,,7633.0,XBt,Sell,0.04914572,1.6712,,,XBTUSD,Position Close from testnet.bitmex.com,GoodTillCancel,2018-06-09T15:47:48.392Z,PublishTrade,2018-06-09T15:47:48.392Z,8b851ac0-ace3-30a8-6d52-0d6898ce355c,,,True
63908,7644.6755,,,0.00075,,437,USD,,XBME,588,784920,28dac19a-eb48-8461-5b47-70967742f2ea,Close,Trade,60,-0.0078492,RemovedLiquidity,XBME,7644.0,60,12760,SingleSecurity,,PartiallyFilled,Limit,6a28f424-b2de-429b-b94e-eae2fa6c8e09,13197,,,7633.0,XBt,Sell,0.056967319999999995,1.6634,,,XBTUSD,Position Close from testnet.bitmex.com,GoodTillCancel,2018-06-09T15:47:48.392Z,PublishTrade,2018-06-09T15:47:48.392Z,23366fdc-aeb5-8a0d-3e69-f3a946094e6c,,,True
63908,7644.6755,,,0.00075,,637,USD,,XBME,1962,2616400,9025ac76-3328-099b-418c-a2e95aa5e64a,Close,Trade,200,-0.026164,RemovedLiquidity,XBME,7644.0,200,12560,SingleSecurity,,PartiallyFilled,Limit,6a28f424-b2de-429b-b94e-eae2fa6c8e09,13197,,,7633.0,XBt,Sell,0.08303932,1.6373,,,XBTUSD,Position Close from testnet.bitmex.com,GoodTillCancel,2018-06-09T15:47:48.392Z,PublishTrade,2018-06-09T15:47:48.392Z,c826dcab-0cd1-547a-66a6-66cd4a1dd7e3,,,True
63908,7644.6755,,,0.00075,,6302,USD,,XBME,55582,74109530,802d70b1-966a-d418-5f5f-0cd3f6e4ed5d,Close,Trade,5665,-0.7410953,RemovedLiquidity,XBME,7644.0,5665,6895,SingleSecurity,,PartiallyFilled,Limit,6a28f424-b2de-429b-b94e-eae2fa6c8e09,13197,,,7633.0,XBt,Sell,0.82152872,0.8988,,,XBTUSD,Position Close from testnet.bitmex.com,GoodTillCancel,2018-06-09T15:47:48.392Z,PublishTrade,2018-06-09T15:47:48.392Z,d4900cd7-4b42-7274-3761-115c657da994,,,True
63908,7644.6755,,,0.00075,,6327,USD,,XBME,245,327050,9e990831-8237-f7af-d10e-f7378fd69247,Close,Trade,25,-0.0032705,RemovedLiquidity,XBME,7644.0,25,6870,SingleSecurity,,PartiallyFilled,Limit,6a28f424-b2de-429b-b94e-eae2fa6c8e09,13197,,,7633.0,XBt,Sell,0.82478772,0.8956,,,XBTUSD,Position Close from testnet.bitmex.com,GoodTillCancel,2018-06-09T15:47:48.392Z,PublishTrade,2018-06-09T15:47:48.392Z,43e8403d-6009-1c73-cb6d-091903d4a095,,,True
63908,7644.6755,,,0.00075,,6352,USD,,XBME,245,327075,652082fc-0fd1-fad2-9577-fab6fb558d23,Close,Trade,25,-0.00327075,RemovedLiquidity,XBME,7643.5,25,6845,SingleSecurity,,PartiallyFilled,Limit,6a28f424-b2de-429b-b94e-eae2fa6c8e09,13197,,,7633.0,XBt,Sell,0.82804672,0.8923,,,XBTUSD,Position Close from testnet.bitmex.com,GoodTillCancel,2018-06-09T15:47:48.392Z,PublishTrade,2018-06-09T15:47:48.392Z,1731bf6c-6bdb-be5e-ebe0-46f9b3c727d3,,,True
63908,7644.6755,,,0.00075,,6377,USD,,XBME,245,327100,34913466-37aa-954b-1163-c40910ca076c,Close,Trade,25,-0.003271,RemovedLiquidity,XBME,7643.0,25,6820,SingleSecurity,,PartiallyFilled,Limit,6a28f424-b2de-429b-b94e-eae2fa6c8e09,13197,,,7633.0,XBt,Sell,0.83130572,0.889,,,XBTUSD,Position Close from testnet.bitmex.com,GoodTillCancel,2018-06-09T15:47:48.392Z,PublishTrade,2018-06-09T15:47:48.392Z,b6979c17-b963-19e6-7be9-927dd3b3ae22,,,True
63908,7644.6755,,,0.00075,,6402,USD,,XBME,245,327125,991f3836-70e5-e6be-ad5b-ebca143312d6,Close,Trade,25,-0.00327125,RemovedLiquidity,XBME,7642.5,25,6795,SingleSecurity,,PartiallyFilled,Limit,6a28f424-b2de-429b-b94e-eae2fa6c8e09,13197,,,7633.0,XBt,Sell,0.83456472,0.8858,,,XBTUSD,Position Close from testnet.bitmex.com,GoodTillCancel,2018-06-09T15:47:48.392Z,PublishTrade,2018-06-09T15:47:48.392Z,10243460-64d6-e4c8-2761-c8db12415a16,,,True
63908,7644.6755,,,0.00075,,6427,USD,,XBME,245,327150,ab0fbd2d-b0da-3f7d-4d7b-a4e820d2eaf1,Close,Trade,25,-0.0032715,RemovedLiquidity,XBME,7642.0,25,6770,SingleSecurity,,PartiallyFilled,Limit,6a28f424-b2de-429b-b94e-eae2fa6c8e09,13197,,,7633.0,XBt,Sell,0.83782372,0.8825,,,XBTUSD,Position Close from testnet.bitmex.com,GoodTillCancel,2018-06-09T15:47:48.392Z,PublishTrade,2018-06-09T15:47:48.392Z,4f5ce546-8f84-89f0-0aa0-2ee088e38d5a,,,True
63908,7644.6755,,,0.00075,,6452,USD,,XBME,245,327150,4a6687d2-1c74-8bb0-d80c-c50f643364ab,Close,Trade,25,-0.0032715,RemovedLiquidity,XBME,7641.5,25,6745,SingleSecurity,,PartiallyFilled,Limit,6a28f424-b2de-429b-b94e-eae2fa6c8e09,13197,,,7633.0,XBt,Sell,0.8410827200000001,0.8793,,,XBTUSD,Position Close from testnet.bitmex.com,GoodTillCancel,2018-06-09T15:47:48.392Z,PublishTrade,2018-06-09T15:47:48.392Z,74764bf2-befa-d7c3-e86f-dccb5eadb5cb,,,True
63908,7644.0911,,,0.00075,,6477,USD,,XBME,245,327175,78817a56-b65e-12a6-6f80-2a6eb396e82c,Close,Trade,25,-0.00327175,RemovedLiquidity,XBME,7641.0,25,6720,SingleSecurity,,PartiallyFilled,Limit,6a28f424-b2de-429b-b94e-eae2fa6c8e09,13197,,,7633.0,XBt,Sell,0.8443417200000001,0.876,,,XBTUSD,Position Close from testnet.bitmex.com,GoodTillCancel,2018-06-09T15:47:48.392Z,PublishTrade,2018-06-09T15:47:48.392Z,1c003cd0-5ee0-859b-67d1-040fcfd75fc0,,,True
63908,7644.0911,,,0.00075,,6502,USD,,XBME,245,327200,7c750442-9ad6-d557-644c-9afb3172b503,Close,Trade,25,-0.003272,RemovedLiquidity,XBME,7640.5,25,6695,SingleSecurity,,PartiallyFilled,Limit,6a28f424-b2de-429b-b94e-eae2fa6c8e09,13197,,,7633.0,XBt,Sell,0.8476007200000001,0.8728,,,XBTUSD,Position Close from testnet.bitmex.com,GoodTillCancel,2018-06-09T15:47:48.392Z,PublishTrade,2018-06-09T15:47:48.392Z,33446f5f-367d-0b01-9bf7-59d3d3e417c0,,,True
63908,7642.3386,,,0.00075,,13197,USD,,XBME,65718,87624160,397e2b0e-412f-1434-fbac-32a46abde295,Close,Trade,6695,-0.8762416,RemovedLiquidity,XBME,7640.5,6695,0,SingleSecurity,,Filled,Limit,6a28f424-b2de-429b-b94e-eae2fa6c8e09,13197,,,7633.0,XBt,Sell,1.72036092,0.0,,,XBTUSD,Position Close from testnet.bitmex.com,GoodTillCancel,2018-06-09T15:47:48.392Z,PublishTrade,2018-06-09T15:47:48.392Z,f177a730-29a0-db50-c163-45754d1ee916,,,False
63908,6803.0,,,0.00075,,100,USD,,XBME,1102,1469900,b9ea2437-382b-7864-f811-53d45f79b7fe,,Trade,100,-0.014699,RemovedLiquidity,XBME,6803.0,100,57295,SingleSecurity,,PartiallyFilled,MarketIfTouched,48224345-988c-a788-ea88-9123bdeb8f73,57395,,,6799.5,XBt,Sell,0.014699,8.4264,,6841.5,XBTUSD,"Triggered: Order stop price reached
Submitted via API.",ImmediateOrCancel,2018-06-12T00:00:15.124Z,PublishTrade,2018-06-12T00:00:15.124Z,93f23e72-690c-9741-70d9-61176896c94b,StopOrderTriggered,,True
63908,6803.1839,,,0.00075,,101,USD,,XBME,11,14706,edf13e93-cda5-8b89-8220-12ed2ae2f8a9,,Trade,1,-0.00014706,RemovedLiquidity,XBME,6800.0,1,57294,SingleSecurity,,PartiallyFilled,MarketIfTouched,48224345-988c-a788-ea88-9123bdeb8f73,57395,,,6799.5,XBt,Sell,0.01484606,8.4262,,6841.5,XBTUSD,"Triggered: Order stop price reached
Submitted via API.",ImmediateOrCancel,2018-06-12T00:00:15.124Z,PublishTrade,2018-06-12T00:00:15.124Z,38aca132-cf4a-c97e-fd29-002d9c6185bc,StopOrderTriggered,,True
63908,6799.9456,,,0.00075,,57395,USD,,XBME,631967,842622858,0fb20cbe-51eb-6ad5-37e0-ae93d15bc1ea,,Trade,57294,-8.42622858,RemovedLiquidity,XBME,6799.5,57294,0,SingleSecurity,,Filled,MarketIfTouched,48224345-988c-a788-ea88-9123bdeb8f73,57395,,,6799.5,XBt,Sell,8.44107464,0.0,,6841.5,XBTUSD,"Triggered: Order stop price reached
Submitted via API.",ImmediateOrCancel,2018-06-12T00:00:15.124Z,PublishTrade,2018-06-12T00:00:15.124Z,4834ef3b-4f21-5f6f-0c11-c63fe6a409c7,StopOrderTriggered,,False
63908,6820.76,,,-0.00038,,57395,USD,,XBME,-319758,841468095,a58cdfe2-4b4c-72c8-1180-bcd644c02e44,,Funding,57395,-8.41468095,,XBME,6820.76,57395,0,SingleSecurity,,Filled,Limit,00000000-0000-0000-0000-000000000000,57395,,,6820.76,XBt,,8.4411,0.0,,,XBTUSD,Funding,AtTheClose,2018-06-12T04:00:00.034Z,,2018-06-12T04:00:00.000Z,82f35b45-28a5-41aa-61cf-c88bac811235,,,False
63908,6840.24,,,0.00337,,57395,USD,,XBME,2827624,839057505,169e13bb-19a5-7998-3b99-2803c8316b21,,Funding,57395,-8.39057505,,XBME,6840.24,57395,0,SingleSecurity,,Filled,Limit,00000000-0000-0000-0000-000000000000,57395,,,6840.24,XBt,,8.4411,0.0,,,XBTUSD,Funding,AtTheClose,2018-06-12T12:00:00.162Z,,2018-06-12T12:00:00.000Z,55a6026c-f04b-d786-af88-1c7b8ba58c8a,,,False
63908,6795.5,,,0.00075,,13591,USD,,XBME,150003,-200005156,c3f6b51e-4379-c698-b67a-881a2e3ef6b7,Close,Trade,-13591,2.00005156,RemovedLiquidity,XBME,6795.5,13591,43804,SingleSecurity,,PartiallyFilled,Market,094c031f-b657-1092-c241-0efab7b022c2,57395,,,6796.5,XBt,Buy,1.99882837,6.4423,,,XBTUSD,Submitted via API.,ImmediateOrCancel,2018-06-12T12:51:45.347Z,PublishTrade,2018-06-12T12:51:45.347Z,213b1bdd-6bbd-bd0f-ad83-3f4116a8b83b,,,True
63908,6795.7866,,,0.00075,,44501,USD,,XBME,341130,-454840650,62d148ec-097e-5b75-5212-9cd73e482f71,Close,Trade,-30910,4.5484065,RemovedLiquidity,XBME,6796.0,30910,12894,SingleSecurity,,PartiallyFilled,Market,094c031f-b657-1092-c241-0efab7b022c2,57395,,,6796.5,XBt,Buy,6.54476207,1.8963,,,XBTUSD,Submitted via API.,ImmediateOrCancel,2018-06-12T12:51:45.347Z,PublishTrade,2018-06-12T12:51:45.347Z,0aaf4623-4a9d-66f9-3393-bbbe231d62f7,,,True
63908,6795.7866,,,0.00075,,45501,USD,,XBME,11036,-14715000,7e8b8fe8-071f-6529-80c2-9d4d85d0bf3c,Close,Trade,-1000,0.14715,RemovedLiquidity,XBME,6796.0,1000,11894,SingleSecurity,,PartiallyFilled,Market,094c031f-b657-1092-c241-0efab7b022c2,57395,,,6796.5,XBt,Buy,6.69183207,1.7493,,,XBTUSD,Submitted via API.,ImmediateOrCancel,2018-06-12T12:51:45.347Z,PublishTrade,2018-06-12T12:51:45.347Z,5ed5c902-6069-febf-9a68-c0a011e90d5b,,,True
63908,6795.7866,,,0.00075,,46102,USD,,XBME,6632,-8843715,37415ad6-696f-70b4-b998-da7a696e3369,Close,Trade,-601,0.08843715,RemovedLiquidity,XBME,6796.0,601,11293,SingleSecurity,,PartiallyFilled,Market,094c031f-b657-1092-c241-0efab7b022c2,57395,,,6796.5,XBt,Buy,6.78022114,1.6609,,,XBTUSD,Submitted via API.,ImmediateOrCancel,2018-06-12T12:51:45.347Z,PublishTrade,2018-06-12T12:51:45.347Z,0a980303-237f-981f-b276-0b778be65515,,,True
63908,6796.2485,,,0.00075,,57395,USD,,XBME,124615,-166153909,8d37918c-9813-c644-c2be-81e401aeb46f,Close,Trade,-11293,1.66153909,RemovedLiquidity,XBME,6796.5,11293,0,SingleSecurity,,Filled,Market,094c031f-b657-1092-c241-0efab7b022c2,57395,,,6796.5,XBt,Buy,8.44108265,0.0,,,XBTUSD,Submitted via API.,ImmediateOrCancel,2018-06-12T12:51:45.347Z,PublishTrade,2018-06-12T12:51:45.347Z,092e04d3-2218-acd8-45e3-941530eaee93,,,False
63908,6780.5,,,0.00075,,28529,USD,,XBME,315559,-420745692,49cc0a13-67fe-8f86-4be2-64ab4f7febd7,,Trade,-28529,4.20745692,RemovedLiquidity,XBME,6780.5,28529,24674,SingleSecurity,,PartiallyFilled,MarketIfTouched,b40bc61b-5bef-3f3c-a6b1-82359d294e34,53203,,,6795.0,XBt,Buy,4.20745692,3.6313,,6827.5,XBTUSD,"Triggered: Order stop price reached
Submitted via API.",ImmediateOrCancel,2018-06-12T12:51:54.026Z,PublishTrade,2018-06-12T12:51:54.026Z,9a8cd561-6039-4c07-9e54-5cf522b5d966,StopOrderTriggered,,True
63908,6787.4839,,,0.00075,,53203,USD,,XBME,272345,-363127258,fccae270-3566-6ad3-50a6-279612f541fd,,Trade,-24674,3.63127258,RemovedLiquidity,XBME,6795.0,24674,0,SingleSecurity,,Filled,MarketIfTouched,b40bc61b-5bef-3f3c-a6b1-82359d294e34,53203,,,6795.0,XBt,Buy,7.8387295,0.0,,6827.5,XBTUSD,"Triggered: Order stop price reached
Submitted via API.",ImmediateOrCancel,2018-06-12T12:51:54.026Z,PublishTrade,2018-06-12T12:51:54.026Z,ddfd69c9-cff4-15e6-6960-3aa00d1a94d9,StopOrderTriggered,,False
63908,6526.58,,,0.00075,,53203,USD,,XBME,611382,815176366,d1cac179-c7a5-13ba-e46f-7946c87c9860,,Trade,53203,-8.15176366,RemovedLiquidity,XBME,6526.58,53203,0,SingleSecurity,,Filled,Limit,00000000-0000-0000-0000-000000000000,53203,,,6526.58,XBt,Sell,7.8384,0.0,,,XBTUSD,Liquidation,ImmediateOrCancel,2018-06-12T19:08:44.582Z,DoNotPublishTrade,2018-06-12T19:08:44.582Z,b0bd3505-afa9-f340-c914-9b566ba336da,,,False
63908,6440.0,,,0.00075,,2531,USD,,XBME,29476,-39301368,3bc9b4ba-503d-7bda-4540-c4356704a3c8,,Trade,-2531,0.39301368,RemovedLiquidity,XBME,6440.0,2531,0,SingleSecurity,,Filled,Market,98fe06c8-a234-e36c-8d04-f0c98508dc10,2531,,,6440.0,XBt,Buy,0.39301368,0.0,,,XBTUSD,Submitted via API.,ImmediateOrCancel,2018-06-14T03:52:38.186Z,PublishTrade,2018-06-14T03:52:38.186Z,f8de79a0-ac88-b6e7-fdfa-2bc499c25828,,,False
63908,6440.0,,,0.00075,,2152,USD,,XBME,25062,-33416256,84298534-3b49-baa1-d70f-ea124dd135bd,,Trade,-2152,0.33416256,RemovedLiquidity,XBME,6440.0,2152,0,SingleSecurity,,Filled,Market,12d0be9d-4725-c5d5-5649-c8d61d799e10,2152,,,6440.0,XBt,Buy,0.33416256,0.0,,,XBTUSD,Submitted via API.,ImmediateOrCancel,2018-06-14T03:52:39.081Z,PublishTrade,2018-06-14T03:52:39.081Z,04a757ec-1767-4c26-0faf-7efa00eb48b3,,,False
63908,6497.51,,,-0.001876,,4683,USD,,XBME,-135215,-72076053,d0ffbfa9-b5f4-5b87-d23c-1414d6b08fc8,,Funding,-4683,0.72076053,,XBME,6497.51,4683,0,SingleSecurity,,Filled,Limit,00000000-0000-0000-0000-000000000000,4683,,,6497.51,XBt,,0.7272,0.0,,,XBTUSD,Funding,AtTheClose,2018-06-14T04:00:00.071Z,,2018-06-14T04:00:00.000Z,440b7d20-891f-f2a6-e853-95ab29b1498e,,,False
63908,6525.95,,,-0.00375,,4683,USD,,XBME,-269091,-71757609,cf2a6da2-4b38-7068-3225-9031165bfa8e,,Funding,-4683,0.71757609,,XBME,6525.95,4683,0,SingleSecurity,,Filled,Limit,00000000-0000-0000-0000-000000000000,4683,,,6525.95,XBt,,0.7272,0.0,,,XBTUSD,Funding,AtTheClose,2018-06-14T12:00:00.188Z,,2018-06-14T12:00:00.000Z,131c936c-4307-80b4-a69e-bf45def92971,,,False
63908,6410.5,,,0.00075,,961,USD,,XBME,11242,14990639,bf0c01a2-4259-d285-20f4-855e83220ae0,Close,Trade,961,-0.14990639,RemovedLiquidity,XBME,6410.5,961,3722,SingleSecurity,,PartiallyFilled,Market,4525a332-8fad-5ff3-ec60-875e6b01a83e,4683,,,6409.5,XBt,Sell,0.14922408,0.578,,,XBTUSD,Submitted via API.,ImmediateOrCancel,2018-06-14T15:29:49.112Z,PublishTrade,2018-06-14T15:29:49.112Z,32ebcdf0-1e2d-e296-f98d-888a3480e5a6,,,True
63908,6410.5,,,0.00075,,1011,USD,,XBME,584,779950,f09a7e8a-3b0b-37c6-fece-ae8a75262e31,Close,Trade,50,-0.0077995,RemovedLiquidity,XBME,6410.5,50,3672,SingleSecurity,,PartiallyFilled,Market,4525a332-8fad-5ff3-ec60-875e6b01a83e,4683,,,6409.5,XBt,Sell,0.15698808,0.5702,,,XBTUSD,Submitted via API.,ImmediateOrCancel,2018-06-14T15:29:49.112Z,PublishTrade,2018-06-14T15:29:49.112Z,3e6f1292-96da-8767-6d71-c5b8197c33d3,,,True
63908,6410.5,,,0.00075,,1061,USD,,XBME,584,779950,5f0da18b-b451-f213-ecc3-069d30d8b6d2,Close,Trade,50,-0.0077995,RemovedLiquidity,XBME,6410.5,50,3622,SingleSecurity,,PartiallyFilled,Market,4525a332-8fad-5ff3-ec60-875e6b01a83e,4683,,,6409.5,XBt,Sell,0.16475208,0.5624,,,XBTUSD,Submitted via API.,ImmediateOrCancel,2018-06-14T15:29:49.112Z,PublishTrade,2018-06-14T15:29:49.112Z,f7bc25b8-45b9-50ce-76f7-b006c2cb9232,,,True
63908,6410.6674,,,0.00075,,1086,USD,,XBME,292,390025,263142eb-e8d8-d5b4-ff45-128043d5640d,Close,Trade,25,-0.00390025,RemovedLiquidity,XBME,6410.0,25,3597,SingleSecurity,,PartiallyFilled,Market,4525a332-8fad-5ff3-ec60-875e6b01a83e,4683,,,6409.5,XBt,Sell,0.16863408,0.5585,,,XBTUSD,Submitted via API.,ImmediateOrCancel,2018-06-14T15:29:49.112Z,PublishTrade,2018-06-14T15:29:49.112Z,97fca8e1-2671-6e2a-4005-69c614430089,,,True
63908,6409.8455,,,0.00075,,4683,USD,,XBME,42090,56120394,ba1a57d9-ae43-c06a-b7c1-5a43c6a5227c,Close,Trade,3597,-0.56120394,RemovedLiquidity,XBME,6409.5,3597,0,SingleSecurity,,Filled,Market,4525a332-8fad-5ff3-ec60-875e6b01a83e,4683,,,6409.5,XBt,Sell,0.72717624,0.0,,,XBTUSD,Submitted via API.,ImmediateOrCancel,2018-06-14T15:29:49.112Z,PublishTrade,2018-06-14T15:29:49.112Z,b16feca0-bc5f-140e-6d71-fb605b5ae4fe,,,False
63908,6409.0,,,0.00075,,2,USD,,XBME,23,31206,8563d20c-cf94-98c4-0536-93296f68312c,,Trade,2,-0.00031206,RemovedLiquidity,XBME,6409.0,2,2506,SingleSecurity,,PartiallyFilled,Market,65cf3255-1b70-3b70-66a3-4268aa126122,2508,,,6405.5,XBt,Sell,0.00031206,0.3912,,,XBTUSD,Submitted via API.,ImmediateOrCancel,2018-06-14T15:29:57.041Z,PublishTrade,2018-06-14T15:29:57.041Z,611fcc3a-d777-853f-ce45-b8fe4a454c1d,,,True
